Id,Indicator,Aggregation method,Development relevance,Indicator Name,License Type,License URL,Long definition,Periodicity,Source,Statistical concept and methodology,Topic
SE.ENR.PRSC.FM.ZS,"School enrollment, primary and secondary (gross), gender parity index (GPI)",Weighted average,The Gender Parity Index (GPI) indicates parity between girls and boys. A GPI of less than 1 suggests girls are more disadvantaged than boys in learning opportunities and a GPI of greater than 1 suggests the other way around. Eliminating gender disparities in education would help increase the status and capabilities of women.,"School enrollment, primary and secondary (gross), gender parity index (GPI)",CC BY-4.0,https://datacatalog.worldbank.org/public-licenses#cc-by,Gender parity index for gross enrollment ratio in primary and secondary education is the ratio of girls to boys enrolled at primary and secondary levels in public and private schools.,Annual,"UNESCO Institute for Statistics (UIS). UIS.Stat Bulk Data Download Service. Accessed October 24, 2022. https://apiportal.uis.unesco.org/bdds.","This indicator is calculated by dividing female gross enrollment ratio in primary and secondary education by male gross enrollment ratio in primary and secondary education. 

Data on education are collected by the UNESCO Institute for Statistics from official responses to its annual education survey. All the data are mapped to the International Standard Classification of Education (ISCED) to ensure the comparability of education programs at the international level. The current version was formally adopted by UNESCO Member States in 2011. 

The reference years reflect the school year for which the data are presented. In some countries the school year spans two calendar years (for example, from September 2010 to June 2011); in these cases the reference year refers to the year in which the school year ended (2011 in the example).",Education